-- phpMyAdmin SQL Dump
-- version 5.0.3
-- https://www.phpmyadmin.net/
--
-- Hôte : 127.0.0.1
-- Généré le : sam. 28 nov. 2020 à 16:57
-- Version du serveur :  10.4.14-MariaDB
-- Version de PHP : 7.4.11

SET SQL_MODE = "NO_AUTO_VALUE_ON_ZERO";
START TRANSACTION;
SET time_zone = "+00:00";


/*!40101 SET @OLD_CHARACTER_SET_CLIENT=@@CHARACTER_SET_CLIENT */;
/*!40101 SET @OLD_CHARACTER_SET_RESULTS=@@CHARACTER_SET_RESULTS */;
/*!40101 SET @OLD_COLLATION_CONNECTION=@@COLLATION_CONNECTION */;
/*!40101 SET NAMES utf8mb4 */;

--
-- Base de données : `NOM DE TA BASE DE DONNÉES`
--

-- --------------------------------------------------------

--
-- Structure de la table `addon_account`
--

CREATE TABLE `addon_account` (
  `name` varchar(60) NOT NULL,
  `label` varchar(100) NOT NULL,
  `shared` int(11) NOT NULL
) ENGINE=InnoDB DEFAULT CHARSET=utf8mb4;

--
-- Déchargement des données de la table `addon_account`
--

INSERT INTO `addon_account` (`name`, `label`, `shared`) VALUES
('caution', 'Caution', 0);

-- --------------------------------------------------------

--
-- Structure de la table `addon_account_data`
--

CREATE TABLE `addon_account_data` (
  `id` int(11) NOT NULL,
  `account_name` varchar(100) DEFAULT NULL,
  `money` int(11) NOT NULL,
  `owner` varchar(40) DEFAULT NULL
) ENGINE=InnoDB DEFAULT CHARSET=utf8mb4;

--
-- Déchargement des données de la table `addon_account_data`
--

INSERT INTO `addon_account_data` (`id`, `account_name`, `money`, `owner`) VALUES
(1, 'caution', 0, 'steam:11000014172acdc'),
(2, 'society_police', 0, NULL);

-- --------------------------------------------------------

--
-- Structure de la table `addon_inventory`
--

CREATE TABLE `addon_inventory` (
  `name` varchar(60) NOT NULL,
  `label` varchar(100) NOT NULL,
  `shared` int(11) NOT NULL
) ENGINE=InnoDB DEFAULT CHARSET=utf8mb4;

-- --------------------------------------------------------

--
-- Structure de la table `addon_inventory_items`
--

CREATE TABLE `addon_inventory_items` (
  `id` int(11) NOT NULL,
  `inventory_name` varchar(100) NOT NULL,
  `name` varchar(100) NOT NULL,
  `count` int(11) NOT NULL,
  `owner` varchar(40) DEFAULT NULL
) ENGINE=InnoDB DEFAULT CHARSET=utf8mb4;

-- --------------------------------------------------------

--
-- Structure de la table `characters`
--

CREATE TABLE `characters` (
  `id` int(11) NOT NULL,
  `identifier` varchar(255) NOT NULL,
  `firstname` varchar(255) NOT NULL,
  `lastname` varchar(255) NOT NULL,
  `dateofbirth` varchar(255) NOT NULL,
  `sex` varchar(1) NOT NULL DEFAULT 'M',
  `height` varchar(128) NOT NULL
) ENGINE=InnoDB DEFAULT CHARSET=utf8mb4;

-- --------------------------------------------------------

--
-- Structure de la table `datastore`
--

CREATE TABLE `datastore` (
  `name` varchar(60) NOT NULL,
  `label` varchar(100) NOT NULL,
  `shared` int(11) NOT NULL
) ENGINE=InnoDB DEFAULT CHARSET=utf8mb4;

-- --------------------------------------------------------

--
-- Structure de la table `datastore_data`
--

CREATE TABLE `datastore_data` (
  `id` int(11) NOT NULL,
  `name` varchar(60) NOT NULL,
  `owner` varchar(40) DEFAULT NULL,
  `data` longtext DEFAULT NULL
) ENGINE=InnoDB DEFAULT CHARSET=utf8mb4;

--
-- Déchargement des données de la table `datastore_data`
--

INSERT INTO `datastore_data` (`id`, `name`, `owner`, `data`) VALUES
(1, 'society_police', NULL, '{}');

-- --------------------------------------------------------

--
-- Structure de la table `fine_types`
--

CREATE TABLE `fine_types` (
  `id` int(11) NOT NULL,
  `label` varchar(255) DEFAULT NULL,
  `amount` int(11) DEFAULT NULL,
  `category` int(11) DEFAULT NULL
) ENGINE=InnoDB DEFAULT CHARSET=utf8mb4;

--
-- Déchargement des données de la table `fine_types`
--

INSERT INTO `fine_types` (`id`, `label`, `amount`, `category`) VALUES
(1, 'Usage abusif du klaxon', 30, 0),
(2, 'Franchir une ligne continue', 40, 0),
(3, 'Circulation à contresens', 250, 0),
(4, 'Demi-tour non autorisé', 250, 0),
(5, 'Circulation hors-route', 170, 0),
(6, 'Non-respect des distances de sécurité', 30, 0),
(7, 'Arrêt dangereux / interdit', 150, 0),
(8, 'Stationnement gênant / interdit', 70, 0),
(9, 'Non respect  de la priorité à droite', 70, 0),
(10, 'Non-respect à un véhicule prioritaire', 90, 0),
(11, 'Non-respect d\'un stop', 105, 0),
(12, 'Non-respect d\'un feu rouge', 130, 0),
(13, 'Dépassement dangereux', 100, 0),
(14, 'Véhicule non en état', 100, 0),
(15, 'Conduite sans permis', 1500, 0),
(16, 'Délit de fuite', 800, 0),
(17, 'Excès de vitesse < 5 kmh', 90, 0),
(18, 'Excès de vitesse 5-15 kmh', 120, 0),
(19, 'Excès de vitesse 15-30 kmh', 180, 0),
(20, 'Excès de vitesse > 30 kmh', 300, 0),
(21, 'Entrave de la circulation', 110, 1),
(22, 'Dégradation de la voie publique', 90, 1),
(23, 'Trouble à l\'ordre publique', 90, 1),
(24, 'Entrave opération de police', 130, 1),
(25, 'Insulte envers / entre civils', 75, 1),
(26, 'Outrage à agent de police', 110, 1),
(27, 'Menace verbale ou intimidation envers civil', 90, 1),
(28, 'Menace verbale ou intimidation envers policier', 150, 1),
(29, 'Manifestation illégale', 250, 1),
(30, 'Tentative de corruption', 1500, 1),
(31, 'Arme blanche sortie en ville', 120, 2),
(32, 'Arme léthale sortie en ville', 300, 2),
(33, 'Port d\'arme non autorisé (défaut de license)', 600, 2),
(34, 'Port d\'arme illégal', 700, 2),
(35, 'Pris en flag lockpick', 300, 2),
(36, 'Vol de voiture', 1800, 2),
(37, 'Vente de drogue', 1500, 2),
(38, 'Fabriquation de drogue', 1500, 2),
(39, 'Possession de drogue', 650, 2),
(40, 'Prise d\'ôtage civil', 1500, 2),
(41, 'Prise d\'ôtage agent de l\'état', 2000, 2),
(42, 'Braquage particulier', 650, 2),
(43, 'Braquage magasin', 650, 2),
(44, 'Braquage de banque', 1500, 2),
(45, 'Tir sur civil', 2000, 3),
(46, 'Tir sur agent de l\'état', 2500, 3),
(47, 'Tentative de meurtre sur civil', 3000, 3),
(48, 'Tentative de meurtre sur agent de l\'état', 5000, 3),
(49, 'Meurtre sur civil', 10000, 3),
(50, 'Meurte sur agent de l\'état', 30000, 3),
(51, 'Meurtre involontaire', 1800, 3),
(52, 'Escroquerie à l\'entreprise', 2000, 2);

-- --------------------------------------------------------

--
-- Structure de la table `items`
--

CREATE TABLE `items` (
  `name` varchar(50) NOT NULL,
  `label` varchar(50) NOT NULL,
  `limit` int(11) NOT NULL DEFAULT -1,
  `rare` int(11) NOT NULL DEFAULT 0,
  `can_remove` int(11) NOT NULL DEFAULT 1,
  `weight` int(1) NOT NULL
) ENGINE=InnoDB DEFAULT CHARSET=utf8mb4;

--
-- Déchargement des données de la table `items`
--

INSERT INTO `items` (`name`, `label`, `limit`, `rare`, `can_remove`, `weight`) VALUES
('alive_chicken', 'Poulet vivant', -1, 0, 1, 1),
('clothe', 'Vêtement', -1, 0, 1, 1),
('copper', 'Cuivre', -1, 0, 1, 1),
('cutted_wood', 'Bois coupé', -1, 0, 1, 1),
('diamond', 'Diamant', -1, 0, 1, 1),
('essence', 'Essence', -1, 0, 1, 1),
('fabric', 'Tissu', -1, 0, 1, 1),
('fish', 'Poisson', -1, 0, 1, 1),
('gold', 'Or', -1, 0, 1, 1),
('iron', 'Fer', -1, 0, 1, 1),
('packaged_chicken', 'Poulet en barquette', -1, 0, 1, 1),
('packaged_plank', 'Paquet de planches', -1, 0, 1, 1),
('petrol', 'Pétrole', -1, 0, 1, 1),
('petrol_raffin', 'Pétrole Raffiné', -1, 0, 1, 1),
('slaughtered_chicken', 'Poulet abattu', -1, 0, 1, 1),
('stone', 'Pierre', -1, 0, 1, 1),
('washed_stone', 'Pierre Lavée', -1, 0, 1, 1),
('wood', 'Bois', -1, 0, 1, 1),
('wool', 'Laine', -1, 0, 1, 1);

-- --------------------------------------------------------

--
-- Structure de la table `jobs`
--

CREATE TABLE `jobs` (
  `name` varchar(50) NOT NULL,
  `label` varchar(50) DEFAULT NULL,
  `whitelisted` tinyint(1) NOT NULL DEFAULT 0,
  `SecondaryJob` tinyint(1) NOT NULL DEFAULT 0
) ENGINE=InnoDB DEFAULT CHARSET=utf8mb4;

--
-- Déchargement des données de la table `jobs`
--

INSERT INTO `jobs` (`name`, `label`, `whitelisted`, `SecondaryJob`) VALUES
('fisherman', 'Pêcheur', 0, 0),
('fueler', 'Raffineur', 0, 0),
('lumberjack', 'Bûcheron', 0, 0),
('miner', 'Mineur', 0, 0),
('reporter', 'Journaliste', 0, 0),
('slaughterer', 'Abatteur', 0, 0),
('tailor', 'Couturier', 0, 0),
('unemployed', 'Chomeur', 0, 0),
('unemployed2', 'Sans emplois', 0, 0);

-- --------------------------------------------------------

--
-- Structure de la table `job_grades`
--

CREATE TABLE `job_grades` (
  `id` int(11) NOT NULL,
  `job_name` varchar(50) DEFAULT NULL,
  `grade` int(11) NOT NULL,
  `name` varchar(50) NOT NULL,
  `label` varchar(50) NOT NULL,
  `salary` int(11) NOT NULL,
  `skin_male` longtext NOT NULL,
  `skin_female` longtext NOT NULL
) ENGINE=InnoDB DEFAULT CHARSET=utf8mb4;

--
-- Déchargement des données de la table `job_grades`
--

INSERT INTO `job_grades` (`id`, `job_name`, `grade`, `name`, `label`, `salary`, `skin_male`, `skin_female`) VALUES
(1, 'unemployed', 0, 'unemployed', 'Civil', 200, '{}', '{}'),
(2, 'lumberjack', 0, 'employee', 'Intérimaire', 0, '{}', '{}'),
(3, 'fisherman', 0, 'employee', 'Intérimaire', 0, '{}', '{}'),
(4, 'fueler', 0, 'employee', 'Intérimaire', 0, '{}', '{}'),
(5, 'reporter', 0, 'employee', 'Intérimaire', 0, '{}', '{}'),
(6, 'tailor', 0, 'employee', 'Intérimaire', 0, '{\"mask_1\":0,\"arms\":1,\"glasses_1\":0,\"hair_color_2\":4,\"makeup_1\":0,\"face\":19,\"glasses\":0,\"mask_2\":0,\"makeup_3\":0,\"skin\":29,\"helmet_2\":0,\"lipstick_4\":0,\"sex\":0,\"torso_1\":24,\"makeup_2\":0,\"bags_2\":0,\"chain_2\":0,\"ears_1\":-1,\"bags_1\":0,\"bproof_1\":0,\"shoes_2\":0,\"lipstick_2\":0,\"chain_1\":0,\"tshirt_1\":0,\"eyebrows_3\":0,\"pants_2\":0,\"beard_4\":0,\"torso_2\":0,\"beard_2\":6,\"ears_2\":0,\"hair_2\":0,\"shoes_1\":36,\"tshirt_2\":0,\"beard_3\":0,\"hair_1\":2,\"hair_color_1\":0,\"pants_1\":48,\"helmet_1\":-1,\"bproof_2\":0,\"eyebrows_4\":0,\"eyebrows_2\":0,\"decals_1\":0,\"age_2\":0,\"beard_1\":5,\"shoes\":10,\"lipstick_1\":0,\"eyebrows_1\":0,\"glasses_2\":0,\"makeup_4\":0,\"decals_2\":0,\"lipstick_3\":0,\"age_1\":0}', '{\"mask_1\":0,\"arms\":5,\"glasses_1\":5,\"hair_color_2\":4,\"makeup_1\":0,\"face\":19,\"glasses\":0,\"mask_2\":0,\"makeup_3\":0,\"skin\":29,\"helmet_2\":0,\"lipstick_4\":0,\"sex\":1,\"torso_1\":52,\"makeup_2\":0,\"bags_2\":0,\"chain_2\":0,\"ears_1\":-1,\"bags_1\":0,\"bproof_1\":0,\"shoes_2\":1,\"lipstick_2\":0,\"chain_1\":0,\"tshirt_1\":23,\"eyebrows_3\":0,\"pants_2\":0,\"beard_4\":0,\"torso_2\":0,\"beard_2\":6,\"ears_2\":0,\"hair_2\":0,\"shoes_1\":42,\"tshirt_2\":4,\"beard_3\":0,\"hair_1\":2,\"hair_color_1\":0,\"pants_1\":36,\"helmet_1\":-1,\"bproof_2\":0,\"eyebrows_4\":0,\"eyebrows_2\":0,\"decals_1\":0,\"age_2\":0,\"beard_1\":5,\"shoes\":10,\"lipstick_1\":0,\"eyebrows_1\":0,\"glasses_2\":0,\"makeup_4\":0,\"decals_2\":0,\"lipstick_3\":0,\"age_1\":0}'),
(7, 'miner', 0, 'employee', 'Intérimaire', 0, '{\"tshirt_2\":1,\"ears_1\":8,\"glasses_1\":15,\"torso_2\":0,\"ears_2\":2,\"glasses_2\":3,\"shoes_2\":1,\"pants_1\":75,\"shoes_1\":51,\"bags_1\":0,\"helmet_2\":0,\"pants_2\":7,\"torso_1\":71,\"tshirt_1\":59,\"arms\":2,\"bags_2\":0,\"helmet_1\":0}', '{}'),
(8, 'slaughterer', 0, 'employee', 'Intérimaire', 0, '{\"age_1\":0,\"glasses_2\":0,\"beard_1\":5,\"decals_2\":0,\"beard_4\":0,\"shoes_2\":0,\"tshirt_2\":0,\"lipstick_2\":0,\"hair_2\":0,\"arms\":67,\"pants_1\":36,\"skin\":29,\"eyebrows_2\":0,\"shoes\":10,\"helmet_1\":-1,\"lipstick_1\":0,\"helmet_2\":0,\"hair_color_1\":0,\"glasses\":0,\"makeup_4\":0,\"makeup_1\":0,\"hair_1\":2,\"bproof_1\":0,\"bags_1\":0,\"mask_1\":0,\"lipstick_3\":0,\"chain_1\":0,\"eyebrows_4\":0,\"sex\":0,\"torso_1\":56,\"beard_2\":6,\"shoes_1\":12,\"decals_1\":0,\"face\":19,\"lipstick_4\":0,\"tshirt_1\":15,\"mask_2\":0,\"age_2\":0,\"eyebrows_3\":0,\"chain_2\":0,\"glasses_1\":0,\"ears_1\":-1,\"bags_2\":0,\"ears_2\":0,\"torso_2\":0,\"bproof_2\":0,\"makeup_2\":0,\"eyebrows_1\":0,\"makeup_3\":0,\"pants_2\":0,\"beard_3\":0,\"hair_color_2\":4}', '{\"age_1\":0,\"glasses_2\":0,\"beard_1\":5,\"decals_2\":0,\"beard_4\":0,\"shoes_2\":0,\"tshirt_2\":0,\"lipstick_2\":0,\"hair_2\":0,\"arms\":72,\"pants_1\":45,\"skin\":29,\"eyebrows_2\":0,\"shoes\":10,\"helmet_1\":-1,\"lipstick_1\":0,\"helmet_2\":0,\"hair_color_1\":0,\"glasses\":0,\"makeup_4\":0,\"makeup_1\":0,\"hair_1\":2,\"bproof_1\":0,\"bags_1\":0,\"mask_1\":0,\"lipstick_3\":0,\"chain_1\":0,\"eyebrows_4\":0,\"sex\":1,\"torso_1\":49,\"beard_2\":6,\"shoes_1\":24,\"decals_1\":0,\"face\":19,\"lipstick_4\":0,\"tshirt_1\":9,\"mask_2\":0,\"age_2\":0,\"eyebrows_3\":0,\"chain_2\":0,\"glasses_1\":5,\"ears_1\":-1,\"bags_2\":0,\"ears_2\":0,\"torso_2\":0,\"bproof_2\":0,\"makeup_2\":0,\"eyebrows_1\":0,\"makeup_3\":0,\"pants_2\":0,\"beard_3\":0,\"hair_color_2\":4}'),
(9, 'unemployed2', 0, 'rsa', 'Secondaire', 50, '{}', '{}');

-- --------------------------------------------------------

--
-- Structure de la table `licenses`
--

CREATE TABLE `licenses` (
  `type` varchar(60) NOT NULL,
  `label` varchar(60) NOT NULL
) ENGINE=InnoDB DEFAULT CHARSET=utf8mb4;

-- --------------------------------------------------------

--
-- Structure de la table `society_moneywash`
--

CREATE TABLE `society_moneywash` (
  `id` int(11) NOT NULL,
  `identifier` varchar(60) NOT NULL,
  `society` varchar(60) NOT NULL,
  `amount` int(11) NOT NULL
) ENGINE=InnoDB DEFAULT CHARSET=utf8mb4;

-- --------------------------------------------------------

--
-- Structure de la table `users`
--

CREATE TABLE `users` (
  `identifier` varchar(50) COLLATE utf8mb4_bin NOT NULL,
  `license` varchar(50) COLLATE utf8mb4_bin DEFAULT NULL,
  `money` int(11) DEFAULT NULL,
  `name` varchar(50) COLLATE utf8mb4_bin DEFAULT '',
  `skin` longtext COLLATE utf8mb4_bin DEFAULT NULL,
  `job` varchar(50) COLLATE utf8mb4_bin DEFAULT 'unemployed',
  `job_grade` int(11) DEFAULT 0,
  `job2` varchar(255) COLLATE utf8mb4_bin DEFAULT 'unemployed2',
  `job2_grade` int(11) DEFAULT 0,
  `loadout` longtext COLLATE utf8mb4_bin DEFAULT NULL,
  `position` varchar(255) COLLATE utf8mb4_bin DEFAULT NULL,
  `bank` int(11) DEFAULT NULL,
  `permission_level` int(11) DEFAULT NULL,
  `group` varchar(50) COLLATE utf8mb4_bin DEFAULT NULL,
  `firstname` varchar(50) COLLATE utf8mb4_bin DEFAULT '',
  `lastname` varchar(50) COLLATE utf8mb4_bin DEFAULT '',
  `dateofbirth` varchar(25) COLLATE utf8mb4_bin DEFAULT '',
  `sex` varchar(10) COLLATE utf8mb4_bin DEFAULT '',
  `height` varchar(5) COLLATE utf8mb4_bin DEFAULT ''
) ENGINE=InnoDB DEFAULT CHARSET=utf8mb4 COLLATE=utf8mb4_bin;

--
-- Déchargement des données de la table `users`
--

INSERT INTO `users` (`identifier`, `license`, `money`, `name`, `skin`, `job`, `job_grade`, `job2`, `job2_grade`, `loadout`, `position`, `bank`, `permission_level`, `group`, `firstname`, `lastname`, `dateofbirth`, `sex`, `height`) VALUES
('steam:11000014172acdc', 'license:e20f025120f05ee1c88a58018aef10989300bbfc', 46045645, 'Panda (2)', '{\"glasses_2\":0,\"age_2\":0,\"chain_1\":0,\"decals_1\":0,\"arms_2\":0,\"makeup_2\":0,\"beard_4\":0,\"ears_1\":-1,\"beard_1\":0,\"skin\":0,\"blush_3\":0,\"torso_1\":0,\"bracelets_1\":-1,\"complexion_1\":0,\"bodyb_2\":0,\"sex\":0,\"helmet_2\":0,\"watches_2\":0,\"beard_2\":0,\"mask_2\":0,\"makeup_4\":0,\"lipstick_4\":0,\"pants_2\":0,\"chest_2\":0,\"sun_1\":0,\"hair_color_2\":0,\"lipstick_3\":0,\"hair_color_1\":0,\"eye_color\":0,\"mask_1\":0,\"blush_1\":0,\"decals_2\":0,\"bproof_1\":0,\"chain_2\":0,\"hair_2\":0,\"bodyb_1\":0,\"bproof_2\":0,\"chest_1\":0,\"complexion_2\":0,\"face\":0,\"shoes_1\":0,\"torso_2\":0,\"eyebrows_3\":0,\"bracelets_2\":0,\"lipstick_2\":0,\"moles_2\":0,\"watches_1\":-1,\"sun_2\":0,\"blemishes_1\":0,\"hair_1\":0,\"makeup_3\":0,\"ears_2\":0,\"beard_3\":0,\"blemishes_2\":0,\"glasses_1\":0,\"shoes_2\":0,\"pants_1\":0,\"makeup_1\":0,\"bags_2\":0,\"eyebrows_2\":0,\"chest_3\":0,\"blush_2\":0,\"tshirt_2\":0,\"tshirt_1\":0,\"age_1\":0,\"helmet_1\":-1,\"bags_1\":0,\"eyebrows_4\":0,\"eyebrows_1\":0,\"lipstick_1\":0,\"arms\":0,\"moles_1\":0}', 'police', 4, 'unemployed2', 0, '[]', '{\"y\":-832.9,\"z\":14.3,\"x\":-1096.9}', 400000, 0, 'superadmin', 'Kevin', 'Lopez', '10/01/1992', 'm', '195');

-- --------------------------------------------------------

--
-- Structure de la table `user_accounts`
--

CREATE TABLE `user_accounts` (
  `id` int(11) NOT NULL,
  `identifier` varchar(22) NOT NULL,
  `name` varchar(50) NOT NULL,
  `money` double NOT NULL DEFAULT 0
) ENGINE=InnoDB DEFAULT CHARSET=utf8mb4;

--
-- Déchargement des données de la table `user_accounts`
--

INSERT INTO `user_accounts` (`id`, `identifier`, `name`, `money`) VALUES
(1, 'steam:11000014172acdc', 'black_money', 0);

-- --------------------------------------------------------

--
-- Structure de la table `user_convictions`
--

CREATE TABLE `user_convictions` (
  `id` int(11) NOT NULL,
  `char_id` int(11) DEFAULT NULL,
  `offense` varchar(255) DEFAULT NULL,
  `count` int(11) DEFAULT NULL
) ENGINE=InnoDB DEFAULT CHARSET=utf8mb4;

-- --------------------------------------------------------

--
-- Structure de la table `user_inventory`
--

CREATE TABLE `user_inventory` (
  `id` int(11) NOT NULL,
  `identifier` varchar(22) NOT NULL,
  `item` varchar(50) NOT NULL,
  `count` int(11) NOT NULL
) ENGINE=InnoDB DEFAULT CHARSET=utf8mb4;

--
-- Déchargement des données de la table `user_inventory`
--

INSERT INTO `user_inventory` (`id`, `identifier`, `item`, `count`) VALUES
(1, 'steam:11000014172acdc', 'washed_stone', 0),
(2, 'steam:11000014172acdc', 'packaged_plank', 0),
(3, 'steam:11000014172acdc', 'petrol_raffin', 0),
(4, 'steam:11000014172acdc', 'essence', 0),
(5, 'steam:11000014172acdc', 'packaged_chicken', 0),
(6, 'steam:11000014172acdc', 'wood', 0),
(7, 'steam:11000014172acdc', 'slaughtered_chicken', 0),
(8, 'steam:11000014172acdc', 'stone', 0),
(9, 'steam:11000014172acdc', 'alive_chicken', 0),
(10, 'steam:11000014172acdc', 'petrol', 0),
(11, 'steam:11000014172acdc', 'gold', 0),
(12, 'steam:11000014172acdc', 'copper', 0),
(13, 'steam:11000014172acdc', 'fish', 0),
(14, 'steam:11000014172acdc', 'cutted_wood', 0),
(15, 'steam:11000014172acdc', 'fabric', 0),
(16, 'steam:11000014172acdc', 'diamond', 0),
(17, 'steam:11000014172acdc', 'clothe', 0),
(18, 'steam:11000014172acdc', 'wool', 0),
(19, 'steam:11000014172acdc', 'iron', 0),
(20, 'steam:11000014172acdc', 'diamond', 0),
(21, 'steam:11000014172acdc', 'clothe', 0),
(22, 'steam:11000014172acdc', 'wool', 0),
(23, 'steam:11000014172acdc', 'iron', 0);

-- --------------------------------------------------------

--
-- Structure de la table `user_licenses`
--

CREATE TABLE `user_licenses` (
  `id` int(11) NOT NULL,
  `type` varchar(60) NOT NULL,
  `owner` varchar(40) NOT NULL
) ENGINE=InnoDB DEFAULT CHARSET=utf8mb4;

--
-- Index pour les tables déchargées
--

--
-- Index pour la table `addon_account`
--
ALTER TABLE `addon_account`
  ADD PRIMARY KEY (`name`);

--
-- Index pour la table `addon_account_data`
--
ALTER TABLE `addon_account_data`
  ADD PRIMARY KEY (`id`),
  ADD UNIQUE KEY `index_addon_account_data_account_name_owner` (`account_name`,`owner`),
  ADD KEY `index_addon_account_data_account_name` (`account_name`);

--
-- Index pour la table `addon_inventory`
--
ALTER TABLE `addon_inventory`
  ADD PRIMARY KEY (`name`);

--
-- Index pour la table `addon_inventory_items`
--
ALTER TABLE `addon_inventory_items`
  ADD PRIMARY KEY (`id`),
  ADD KEY `index_addon_inventory_items_inventory_name_name` (`inventory_name`,`name`),
  ADD KEY `index_addon_inventory_items_inventory_name_name_owner` (`inventory_name`,`name`,`owner`),
  ADD KEY `index_addon_inventory_inventory_name` (`inventory_name`);

--
-- Index pour la table `characters`
--
ALTER TABLE `characters`
  ADD PRIMARY KEY (`id`);

--
-- Index pour la table `datastore`
--
ALTER TABLE `datastore`
  ADD PRIMARY KEY (`name`);

--
-- Index pour la table `datastore_data`
--
ALTER TABLE `datastore_data`
  ADD PRIMARY KEY (`id`),
  ADD UNIQUE KEY `index_datastore_data_name_owner` (`name`,`owner`),
  ADD KEY `index_datastore_data_name` (`name`);

--
-- Index pour la table `fine_types`
--
ALTER TABLE `fine_types`
  ADD PRIMARY KEY (`id`);

--
-- Index pour la table `items`
--
ALTER TABLE `items`
  ADD PRIMARY KEY (`name`);

--
-- Index pour la table `jobs`
--
ALTER TABLE `jobs`
  ADD PRIMARY KEY (`name`);

--
-- Index pour la table `job_grades`
--
ALTER TABLE `job_grades`
  ADD PRIMARY KEY (`id`);

--
-- Index pour la table `licenses`
--
ALTER TABLE `licenses`
  ADD PRIMARY KEY (`type`);

--
-- Index pour la table `society_moneywash`
--
ALTER TABLE `society_moneywash`
  ADD PRIMARY KEY (`id`);

--
-- Index pour la table `users`
--
ALTER TABLE `users`
  ADD PRIMARY KEY (`identifier`);

--
-- Index pour la table `user_accounts`
--
ALTER TABLE `user_accounts`
  ADD PRIMARY KEY (`id`);

--
-- Index pour la table `user_convictions`
--
ALTER TABLE `user_convictions`
  ADD PRIMARY KEY (`id`);

--
-- Index pour la table `user_inventory`
--
ALTER TABLE `user_inventory`
  ADD PRIMARY KEY (`id`);

--
-- Index pour la table `user_licenses`
--
ALTER TABLE `user_licenses`
  ADD PRIMARY KEY (`id`);

--
-- AUTO_INCREMENT pour les tables déchargées
--

--
-- AUTO_INCREMENT pour la table `addon_account_data`
--
ALTER TABLE `addon_account_data`
  MODIFY `id` int(11) NOT NULL AUTO_INCREMENT, AUTO_INCREMENT=3;

--
-- AUTO_INCREMENT pour la table `addon_inventory_items`
--
ALTER TABLE `addon_inventory_items`
  MODIFY `id` int(11) NOT NULL AUTO_INCREMENT;

--
-- AUTO_INCREMENT pour la table `characters`
--
ALTER TABLE `characters`
  MODIFY `id` int(11) NOT NULL AUTO_INCREMENT;

--
-- AUTO_INCREMENT pour la table `datastore_data`
--
ALTER TABLE `datastore_data`
  MODIFY `id` int(11) NOT NULL AUTO_INCREMENT, AUTO_INCREMENT=2;

--
-- AUTO_INCREMENT pour la table `fine_types`
--
ALTER TABLE `fine_types`
  MODIFY `id` int(11) NOT NULL AUTO_INCREMENT, AUTO_INCREMENT=53;

--
-- AUTO_INCREMENT pour la table `job_grades`
--
ALTER TABLE `job_grades`
  MODIFY `id` int(11) NOT NULL AUTO_INCREMENT, AUTO_INCREMENT=15;

--
-- AUTO_INCREMENT pour la table `society_moneywash`
--
ALTER TABLE `society_moneywash`
  MODIFY `id` int(11) NOT NULL AUTO_INCREMENT;

--
-- AUTO_INCREMENT pour la table `user_accounts`
--
ALTER TABLE `user_accounts`
  MODIFY `id` int(11) NOT NULL AUTO_INCREMENT, AUTO_INCREMENT=2;

--
-- AUTO_INCREMENT pour la table `user_convictions`
--
ALTER TABLE `user_convictions`
  MODIFY `id` int(11) NOT NULL AUTO_INCREMENT;

--
-- AUTO_INCREMENT pour la table `user_inventory`
--
ALTER TABLE `user_inventory`
  MODIFY `id` int(11) NOT NULL AUTO_INCREMENT, AUTO_INCREMENT=24;

--
-- AUTO_INCREMENT pour la table `user_licenses`
--
ALTER TABLE `user_licenses`
  MODIFY `id` int(11) NOT NULL AUTO_INCREMENT;
COMMIT;

/*!40101 SET CHARACTER_SET_CLIENT=@OLD_CHARACTER_SET_CLIENT */;
/*!40101 SET CHARACTER_SET_RESULTS=@OLD_CHARACTER_SET_RESULTS */;
/*!40101 SET COLLATION_CONNECTION=@OLD_COLLATION_CONNECTION */;
